{
    "mis_example": {
        "found_mis": true,
        "mis": [
            9,
            13,
            14,
            17,
            18,
            19
        ],
        "solution_time": 0.0282371,
        "total_time": 16.702888411004096,
        "vertices": 6
    }
}